id,order_number,created_at,updated_at,cancelled_at,financial_status,fulfillment_status,currency,subtotal_price,total_discounts,TPS,TVQ,frais_livraison,total_price,shipping_city
18930099355936,#1367,2026-10-02T11:53:55-04:00,2026-10-02T16:26:36-04:00,,paid,fulfilled,CAD,84.60,9.40,4.83,9.64,12.00,111.07,McMasterville
18924698435872,#1366,2026-10-01T17:51:16-04:00,2026-10-02T07:53:27-04:00,,paid,,CAD,68.50,0.00,4.03,8.04,12.00,92.57,Saint Hubert
18922298507552,#1365,2026-09-30T18:10:54-04:00,2026-10-02T11:47:05-04:00,,paid,fulfilled,CAD,42.00,0.00,2.70,5.39,12.00,62.09,QuÉbec
18920617312544,#1364,2026-09-30T01:53:21-04:00,2026-10-02T17:15:48-04:00,,paid,fulfilled,CAD,205.50,0.00,10.29,20.50,0.00,236.29,Mount-royal
18916776739104,#1363,2026-09-28T12:49:21-04:00,2026-09-30T06:55:20-04:00,,paid,fulfilled,CAD,16.00,0.00,0.80,1.60,0.00,18.40,
7355320795424,#1362,2026-09-25T08:47:01-04:00,2026-09-28T08:49:17-04:00,,paid,fulfilled,CAD,60.00,0.00,3.00,6.00,0.00,69.00,
7354313179424,#1361,2026-09-24T20:44:16-04:00,2026-09-29T10:15:16-04:00,,pending,fulfilled,CAD,17.25,0.00,0.00,0.00,0.00,17.25,
7354311770400,#1360,2026-09-24T20:43:04-04:00,2026-09-24T20:43:06-04:00,,pending,,CAD,207.00,0.00,0.00,0.00,0.00,207.00,Toronto
7353312543008,#1359,2026-09-24T11:31:34-04:00,2026-09-24T20:39:37-04:00,,paid,fulfilled,CAD,166.00,0.00,8.31,16.60,0.00,190.91,
7352107401504,#1358,2026-09-23T21:46:37-04:00,2026-09-28T10:46:12-04:00,,paid,fulfilled,CAD,173.40,30.60,9.29,18.49,12.00,213.18,Matane
7351495164192,#1357,2026-09-23T14:49:12-04:00,2026-09-23T14:49:14-04:00,,paid,fulfilled,CAD,80.00,0.00,4.00,7.98,0.00,91.98,
7350994796832,#1356,2026-09-23T10:56:07-04:00,2026-09-23T11:33:22-04:00,,paid,,CAD,18.00,0.00,0.90,1.80,0.00,20.70,
7346776441120,#1355,2026-09-21T20:43:00-04:00,2026-09-23T11:33:08-04:00,,paid,fulfilled,CAD,90.00,0.00,4.50,8.97,0.00,103.47,
7340662325536,#1354,2026-09-18T23:28:04-04:00,2026-09-20T15:30:21-04:00,,paid,fulfilled,CAD,66.60,7.39,3.34,6.65,0.00,76.59,
7335470137632,#1353,2026-09-16T14:47:48-04:00,2026-09-16T14:47:50-04:00,,paid,fulfilled,CAD,100.00,0.00,5.00,9.98,0.00,114.98,
7335315243296,#1352,2026-09-16T13:20:06-04:00,2026-09-16T21:56:49-04:00,,paid,,CAD,23.00,0.00,0.00,0.00,0.00,23.00,
7330853191968,#1351,2026-09-14T19:04:10-04:00,2026-09-16T21:57:04-04:00,,paid,fulfilled,CAD,441.91,404.00,20.43,40.72,0.00,503.06,Montréal
7328788054304,#1350,2026-09-13T20:06:54-04:00,2026-09-22T17:18:09-04:00,,paid,fulfilled,CAD,69.00,0.00,0.00,0.00,0.00,69.00,
7328511623456,#1349,2026-09-13T17:00:47-04:00,2026-09-13T20:05:25-04:00,,paid,fulfilled,CAD,0.00,160.00,0.00,0.00,0.00,0.00,
7321577455904,#1348,2026-09-10T15:59:08-04:00,2026-09-10T20:32:11-04:00,,paid,fulfilled,CAD,9.00,0.00,0.45,0.90,0.00,10.35,
7321410896160,#1347,2026-09-10T14:24:20-04:00,2026-09-10T20:32:06-04:00,,paid,fulfilled,CAD,43.49,0.00,2.18,4.34,0.00,50.01,
7321198002464,#1346,2026-09-10T12:35:39-04:00,2026-09-11T13:20:47-04:00,,paid,fulfilled,CAD,59.00,16.00,2.95,5.88,0.00,67.83,Granby
7312324526368,#1345,2026-09-06T21:43:27-04:00,2026-09-09T11:25:09-04:00,,paid,fulfilled,CAD,110.00,12.00,5.50,10.98,12.00,126.48,Granby
7312252535072,#1344,2026-09-06T20:41:00-04:00,2026-09-09T16:39:35-04:00,,paid,fulfilled,CAD,84.00,12.00,4.20,8.38,12.00,96.58,Montréal
7312100819232,#1343,2026-09-06T18:40:49-04:00,2026-09-09T10:40:09-04:00,,paid,fulfilled,CAD,89.25,15.75,5.08,10.09,12.00,116.42,Sherbrooke
7312096985376,#1342,2026-09-06T18:37:56-04:00,2026-09-08T10:19:10-04:00,,paid,fulfilled,CAD,42.00,0.00,2.10,0.00,0.00,44.10,
7312082534688,#1341,2026-09-06T18:27:00-04:00,2026-09-06T21:04:05-04:00,,paid,fulfilled,CAD,126.00,0.00,6.30,12.60,0.00,144.90,Montréal
7310983921952,#1340,2026-09-06T08:58:03-04:00,2026-09-09T09:39:56-04:00,,paid,fulfilled,CAD,50.00,12.00,2.50,4.98,12.00,57.48,Montréal
7309979648288,#1339,2026-09-05T19:38:23-04:00,2026-09-09T14:10:36-04:00,,paid,fulfilled,CAD,70.00,12.00,3.50,6.99,12.00,80.49,Québec
7307799429408,#1338,2026-09-04T20:32:29-04:00,2026-09-08T20:10:21-04:00,,paid,fulfilled,CAD,154.00,0.00,7.70,15.38,0.00,177.08,
7304409186592,#1337,2026-09-03T13:34:59-04:00,2026-09-08T20:10:35-04:00,,paid,fulfilled,CAD,306.00,0.00,15.30,30.53,0.00,351.83,
7302732382496,#1336,2026-09-02T20:51:05-04:00,2026-09-02T22:21:45-04:00,,paid,fulfilled,CAD,0.00,360.49,0.00,0.00,0.00,0.00,
7302164611360,#1335,2026-09-02T14:39:33-04:00,2026-09-08T20:10:51-04:00,,paid,fulfilled,CAD,52.90,0.00,0.00,0.00,0.00,52.90,
7299468722464,#1334,2026-09-01T13:04:23-04:00,2026-09-03T12:07:53-04:00,,paid,fulfilled,CAD,330.00,40.50,16.50,32.94,0.00,379.44,Saint Hubert
7299420094752,#1333,2026-09-01T12:51:55-04:00,2026-09-05T10:23:27-04:00,,paid,fulfilled,CAD,34.50,0.00,0.00,0.00,0.00,34.50,
7297978040608,#1332,2026-09-01T01:32:31-04:00,2026-09-01T20:16:31-04:00,,paid,fulfilled,CAD,76.50,13.50,4.44,8.82,12.00,101.76,Montréal
7295428526368,#1331,2026-08-30T19:04:20-04:00,2026-09-01T10:22:50-04:00,,paid,fulfilled,CAD,84.00,0.00,4.80,9.58,12.00,110.38,Laval
7288454873376,#1330,2026-08-27T14:27:40-04:00,2026-08-30T18:57:49-04:00,,paid,fulfilled,CAD,100.00,0.00,5.00,9.98,0.00,114.98,
7286860710176,#1329,2026-08-26T20:31:37-04:00,2026-08-26T20:31:38-04:00,,paid,fulfilled,CAD,106.00,0.00,5.30,10.57,0.00,121.87,
7286678192416,#1328,2026-08-26T18:02:56-04:00,2026-08-28T11:01:24-04:00,,pending,partial,CAD,166.60,75.40,8.95,17.82,12.00,205.37,QuÉbec
7286528639264,#1327,2026-08-26T16:21:17-04:00,2026-08-28T10:12:11-04:00,,paid,fulfilled,CAD,107.10,11.90,5.98,11.90,12.00,136.98,L'Assomption
7284375290144,#1326,2026-08-25T15:29:21-04:00,2026-08-28T14:11:37-04:00,,paid,fulfilled,CAD,100.00,0.00,5.60,11.19,12.00,128.79,St-Jean-sur-Richelieu
7283679592736,#1325,2026-08-25T09:13:41-04:00,2026-08-30T18:58:49-04:00,,paid,fulfilled,CAD,72.45,0.00,0.00,0.00,0.00,72.45,
7283567001888,#1324,2026-08-25T08:02:24-04:00,2026-08-25T13:55:36-04:00,,paid,fulfilled,CAD,21.00,0.00,1.05,2.09,0.00,24.14,
7276191777056,#1323,2026-08-21T16:58:25-04:00,2026-08-22T10:10:23-04:00,,paid,fulfilled,CAD,30.00,0.00,1.50,2.99,0.00,34.49,
7276003983648,#1322,2026-08-21T15:18:35-04:00,2026-08-25T11:12:23-04:00,,paid,fulfilled,CAD,16.20,1.80,1.41,2.82,12.00,32.43,MontrÉal
7273889562912,#1321,2026-08-20T16:00:54-04:00,2026-08-20T16:00:56-04:00,,paid,fulfilled,CAD,56.00,0.00,2.80,5.59,0.00,64.39,
7273760817440,#1320,2026-08-20T14:44:27-04:00,2026-08-22T10:10:31-04:00,,paid,fulfilled,CAD,51.00,8.98,2.55,5.09,0.00,58.64,Montréal
7273594978592,#1319,2026-08-20T13:18:10-04:00,2026-08-20T20:09:09-04:00,,paid,fulfilled,CAD,48.30,0.00,0.00,0.00,0.00,48.30,
7272093090080,#1318,2026-08-19T20:39:57-04:00,2026-08-20T20:58:13-04:00,,paid,fulfilled,CAD,441.11,404.80,20.39,40.64,0.00,502.14,Montréal
7271869710624,#1317,2026-08-19T17:46:12-04:00,2026-08-20T20:09:35-04:00,,paid,fulfilled,CAD,64.00,0.00,3.20,6.39,0.00,73.59,
7270291276064,#1316,2026-08-19T07:10:48-04:00,2026-08-19T07:10:50-04:00,,paid,fulfilled,CAD,100.00,0.00,5.00,9.98,0.00,114.98,
7269386846496,#1315,2026-08-18T18:43:10-04:00,2026-08-18T18:43:11-04:00,,paid,fulfilled,CAD,46.58,0.00,2.33,4.65,0.00,53.56,
7269386256672,#1314,2026-08-18T18:42:42-04:00,2026-08-19T20:21:06-04:00,,paid,fulfilled,CAD,34.50,0.00,0.00,0.00,0.00,34.50,
7268383260960,#1313,2026-08-18T08:30:04-04:00,2026-08-18T18:39:56-04:00,,paid,fulfilled,CAD,90.00,0.00,4.50,9.00,0.00,103.50,
7267487875360,#1312,2026-08-17T20:36:38-04:00,2026-08-18T18:38:56-04:00,,paid,fulfilled,CAD,313.65,55.35,15.71,31.28,0.00,360.64,Montréal
7266356494624,#1311,2026-08-17T08:53:28-04:00,2026-08-17T08:53:29-04:00,,paid,fulfilled,CAD,76.00,0.00,3.80,7.58,0.00,87.38,
7262282121504,#1310,2026-08-15T10:08:19-04:00,2026-08-20T10:57:47-04:00,,paid,fulfilled,CAD,173.70,49.29,9.29,18.53,12.00,213.52,Saint Jérôme
7260152856864,#1309,2026-08-14T10:01:00-04:00,2026-08-14T18:00:15-04:00,2026-08-14T18:00:15-04:00,voided,,CAD,76.00,18.00,3.80,7.58,0.00,87.38,
7259250950432,#1308,2026-08-13T22:22:13-04:00,2026-08-15T14:46:12-04:00,,paid,fulfilled,CAD,172.46,0.00,8.38,16.71,0.00,197.55,
7259029897504,#1307,2026-08-13T19:38:47-04:00,2026-08-13T19:38:49-04:00,,paid,fulfilled,CAD,30.00,0.00,1.50,2.99,0.00,34.49,
7256682365216,#1306,2026-08-12T19:12:05-04:00,2026-08-14T12:50:13-04:00,,paid,fulfilled,CAD,75.60,8.40,4.38,8.74,12.00,100.72,Saint Hubert
7254863511840,#1305,2026-08-11T22:03:43-04:00,2026-08-11T22:03:45-04:00,,paid,fulfilled,CAD,58.90,0.00,2.95,5.88,0.00,67.73,
7248511762720,#1304,2026-08-08T15:45:35-04:00,2026-08-13T16:54:23-04:00,,paid,fulfilled,CAD,90.00,0.00,4.50,9.00,0.00,103.50,
7246613578016,#1303,2026-08-07T17:43:38-04:00,2026-08-11T22:02:30-04:00,,paid,fulfilled,CAD,44.64,7.86,2.22,4.47,0.00,51.33,
7246201422112,#1302,2026-08-07T13:55:48-04:00,2026-08-11T17:29:41-04:00,,paid,fulfilled,CAD,90.00,0.00,5.10,10.18,12.00,117.28,Québec
7243426791712,#1301,2026-08-06T11:45:58-04:00,2026-08-11T14:15:59-04:00,,paid,fulfilled,CAD,79.00,0.00,4.55,9.09,12.00,104.64,Québec
7241371451680,#1300,2026-08-05T11:46:53-04:00,2026-08-05T22:44:47-04:00,,paid,fulfilled,CAD,19.80,2.20,0.99,1.98,0.00,22.77,
7240149106976,#1299,2026-08-04T20:07:39-04:00,2026-08-06T10:14:24-04:00,,paid,fulfilled,CAD,37.80,4.20,2.49,4.97,12.00,57.26,MontrÉal
7239365624096,#1298,2026-08-04T11:54:57-04:00,2026-08-07T14:13:03-04:00,,paid,fulfilled,CAD,51.75,0.00,0.00,0.00,0.00,51.75,
